,name,rating,address,avg_price,url,place_id,coordinates,lat,lng,review,tel
0,Uncle Shawn 燒肉餐酒館 新竹店,4.7,新竹市東區林森路137號,1200,https://ifoodie.tw/restaurant/5f61f74e2756dd3ee806152f-Uncle-Shawn-%E7%87%92%E8%82%89%E9%A4%90%E9%85%92%E9%A4%A8-%E6%96%B0%E7%AB%B9,ChIJmahJt8k1aDQRfiF44ZDRrcM,"{'lat': 24.799841, 'lng': 120.965906}",24.799841,120.965906,"[{'author_name': '蘭俊廷', 'author_url': 'https://www.google.com/maps/contrib/115112498806300562586/reviews', 'language': 'zh-Hant', 'profile_photo_url': 'https://lh3.googleusercontent.com/a-/AOh14GgO9d7Im3s1korr-3QJrnWhkFiN1QoNaN68mE2CSg=s128-c0x00000000-cc-rp-mo-ba4', 'rating': 5, 'relative_time_description': '3 個月前', 'text': '稍高的價位換來全程服務生代烤，自由的交談跟無拘束享用美食。菜色上算是平均的高分，沒有哪一道菜會覺得有落差。今天點了香噴噴板腱牛排，鹽烤松阪豬，烤肉醬豬五花，杏鮑菇，鮭魚卵干貝漢堡🍔，香蒜奶油雞腿肉，徒弟的炸雞塊，泰式牛舌，烤起司飯糰🧀️，精氣蛤蠣湯。沒有一樣是讓人失望的😋，是會再訪的店家。', 'time': 1600100759}, {'author_name': '郭宛宜', 'author_url': 'https://www.google.com/maps/contrib/108701280939073145090/reviews', 'language': 'zh-Hant', 'profile_photo_url': 'https://lh5.googleusercontent.com/-CK9_6V9oWnM/AAAAAAAAAAI/AAAAAAAAAAA/AMZuuclYlgxM8TpxKlPGizI50C6oFcNcTw/s128-c0x00000000-cc-rp-mo/photo.jpg', 'rating': 1, 'relative_time_description': '2 個月前', 'text': '不推\n\n牛肉品項少之外\n似乎因為新開幕員工教育訓練不足\n用餐時沒主動問客人要的肉類熟度不說\n牛肉幾乎烤至全熟\n第一次第二次直到第三次實在受不了\n才向服務生提出不要再烤下去了\n\n餐畢和男友覺得只有生食干貝漢堡好吃而已\n牛肉烤至過熟實在可惜\n在這所謂的過熟指的是至少有9分了\n\n差不多的錢我寧願去吃竹北胡同', 'time': 1601152114}, {'author_name': 'Chia Tu', 'author_url': 'https://www.google.com/maps/contrib/100273008871606657615/reviews', 'language': 'zh-Hant', 'profile_photo_url': 'https://lh5.googleusercontent.com/-yiuxNSs7QRg/AAAAAAAAAAI/AAAAAAAAAAA/AMZuucluv5OZsUh30j_dhUVewdeb2l7YJA/s128-c0x00000000-cc-rp-mo-ba3/photo.jpg', 'rating': 5, 'relative_time_description': '1 個月前', 'text': '感覺得出來店家很用心經營，整體用餐體驗很棒，員工教育做得很好，不管是服務態度、技術，甚至開放式廚房可能產生的問題都有避免（例如放空盤空杯進水槽時不會發出聲音，是輕輕放下的，讓客人可以輕鬆自在的用餐）\n\n肉品品質優良，份量剛好價格合理，有人幫烤維護品質，吃起來真的很輕鬆又好吃，身上也不會有油煙味。\n\n另外也有拉單槓的遊戲，讓氣氛變得熱絡～\n\n總之整體用餐體驗很棒，原本只是去新竹玩吃個飯，結果回台北還想再吃uncle shawn，終於被我吃到吃完不油膩的燒肉:)', 'time': 1604397509}, {'author_name': 'ann chen', 'author_url': 'https://www.google.com/maps/contrib/106873334864741367724/reviews', 'language': 'zh-Hant', 'profile_photo_url': 'https://lh3.googleusercontent.com/a-/AOh14Gh6DUsAlK41gYvpPrBHr-T_3GcW1eB8LTIKnHv4=s128-c0x00000000-cc-rp-mo', 'rating': 5, 'relative_time_description': '1 週前', 'text': '炙燒比目魚蓋飯必點！牛舌、牛小排都非常好吃！醬烤的味道偏重，可叫碗白飯搭配，其他肉類單吃就很好吃，加上有專人服務，肉都烤得剛剛好！推薦～', 'time': 1607488624}, {'author_name': '李忠哲', 'author_url': 'https://www.google.com/maps/contrib/104078780318325954123/reviews', 'language': 'zh-Hant', 'profile_photo_url': 'https://lh3.googleusercontent.com/a-/AOh14Gj7Sxa9iEYd9kTgkZQecQSY7Asr6y5-vu-9oj9qhg=s128-c0x00000000-cc-rp-mo-ba3', 'rating': 4, 'relative_time_description': '本週', 'text': '松露烘蛋很好吃,有人代烤服務佳\n整體單價稍高,2人花2300 8分飽\n提供參考', 'time': 1607829641}]",966888382
1,uMeal Bistro 竹科店,4.5,新竹市東區金山八街46號2樓,500,https://ifoodie.tw/restaurant/5ec148702756dd19cbdacf5b-uMeal-Bistro-%E7%AB%B9%E7%A7%91%E5%BA%97,ChIJsXrWZ7g3aDQRS9huunM3LW0,"{'lat': 24.7778684, 'lng': 121.020323}",24.7778684,121.020323,"[{'author_name': '邱邱', 'author_url': 'https://www.google.com/maps/contrib/112113823204898265024/reviews', 'language': 'zh-Hant', 'profile_photo_url': 'https://lh3.googleusercontent.com/a-/AOh14Gg4EwGaSqaLSix_HpTECUfgrnSFdoQpFBq-i-Og=s128-c0x00000000-cc-rp-mo', 'rating': 3, 'relative_time_description': '1 個月前', 'text': '如同其他評論講的，內用CP值真的不高。\n加點的舒肥雞胸量不大，帶有一點腥味，上面不知道淋的是什麼油，油本身沒什麼果香，底下生菜略苦\n主餐點的是鱸魚紅醬義大利麵，鱸魚偏乾不過還算可以，義大利麵麵體不錯，但是紅醬聞起來有點噁心，雖然量不大還是沒辦法勉強吃完...\n唯一亮點是棕櫚拿鐵，喝起來順口不甜不膩\n\n另外服務方面只做到帶位.點餐.上菜，水杯原本桌面就有、桌上一瓶水要喝自己倒這樣，原本桌上的餐墊跟水杯如果有多的也不會收走，不知道客人用完餐是會收走還是直接留給下一組用餐客人，這樣服務費要收一成真的不是很合理。\n進門被告知已經過了早午餐時間，拿到菜單發現上面寫著全日早午餐，建議店家如果有指定時間就把全日拿掉。', 'time': 1604885072}, {'author_name': 'Steven Anderson', 'author_url': 'https://www.google.com/maps/contrib/108312819152202892818/reviews', 'language': 'zh-Hant', 'profile_photo_url': 'https://lh3.googleusercontent.com/a-/AOh14GjwoPDOOu8gp0dDbxKewfpCPB6umbrLqQy4Eudi5g=s128-c0x00000000-cc-rp-mo-ba4', 'rating': 5, 'relative_time_description': '1 週前', 'text': '到新竹參加座談會，會議上用的就是uMeal 的健康餐盒! 好健康、又美味，整體很精緻，很好吃! 分量足夠! 會議上提供了三種選擇的便當，一個是素食，一個是牛肉+雞胸肉，一個是魚肉加胸肉! 雙主餐便當，營養夠豐富!\n\n米飯使用的是紫米! 除了更兼康以外，還看起來美味~我看與會的朋友都吃光光，吃得津津有味! 主辦單位真的很用心，連挑選便當都挑選新竹地區優質餐盒便當!\n\n下次主管開會要叫便當，就推薦uMeal Bistro', 'time': 1607503601}, {'author_name': '謝神浩', 'author_url': 'https://www.google.com/maps/contrib/110957744754280957738/reviews', 'language': 'zh-Hant', 'profile_photo_url': 'https://lh6.googleusercontent.com/-tp_epgvV6I0/AAAAAAAAAAI/AAAAAAAAAAA/AMZuuckcogcZh3cmmtNi8NCJFa0rq5UuzA/s128-c0x00000000-cc-rp-mo/photo.jpg', 'rating': 5, 'relative_time_description': '1 週前', 'text': '一般我都是只有寫負評的! 但是uMeal Bistro 真的很推薦! 無論是烹調手法、料理調味、便當的容器材質，都有一定水準!\n份量也很充足~吃很飽、蛋白質補充很足夠~健身族應該會很適合!', 'time': 1607504631}, {'author_name': '富小蔚', 'author_url': 'https://www.google.com/maps/contrib/113190822753607234919/reviews', 'language': 'zh-Hant', 'profile_photo_url': 'https://lh3.googleusercontent.com/a-/AOh14Gjk6GIFcyrDm9xIW64v0bAs45-gCtUQgIVw5ZBO=s128-c0x00000000-cc-rp-mo', 'rating': 5, 'relative_time_description': '1 個月前', 'text': '覺得環境非常棒，餐點也很好吃\n\n唯一抹茶歐蕾的品質一直不穩定，每次都有驚嚇，希望老闆能聽到，我下次還會再點抹茶歐蕾喔', 'time': 1603901089}, {'author_name': 'Chen Chen', 'author_url': 'https://www.google.com/maps/contrib/114708228441342844545/reviews', 'language': 'zh-Hant', 'profile_photo_url': 'https://lh3.googleusercontent.com/a-/AOh14GgFT42taPglIc8Y_jaRnzuGk7XPTWfB2xlbXAehOA=s128-c0x00000000-cc-rp-mo', 'rating': 4, 'relative_time_description': '1 個月前', 'text': '便當還不錯，蔬菜、肉食份量足，不過紫米飯又乾又硬，吃到最後咀嚼肌好痠，無法吃快，不知道是不是刻意要讓人慢慢吃？', 'time': 1604580046}]",36686803
2,DOCK 道可小酒館,4.6,新竹市東區關新路189號,700,https://ifoodie.tw/restaurant/56a3c1202756dd313d3977ce-DOCK-%E9%81%93%E5%8F%AF%E5%B0%8F%E9%85%92%E9%A4%A8,ChIJJVqxmDk2aDQRI8l0hHhnwhY,"{'lat': 24.7874361, 'lng': 121.0194776}",24.7874361,121.0194776,"[{'author_name': 'Phoebe', 'author_url': 'https://www.google.com/maps/contrib/110216474943743693780/reviews', 'language': 'zh-Hant', 'profile_photo_url': 'https://lh3.googleusercontent.com/a-/AOh14Gi2uBQ_k6LncQLOKLn-WafzSNuRJeMba3_WMyTnAg=s128-c0x00000000-cc-rp-mo-ba3', 'rating': 4, 'relative_time_description': '本週', 'text': '服務態度好 舒服又超有氣氛餐酒館♡\n有很多種類的啤酒\n餐點好吃 精緻\n價格稍微高一點 窮學生只能偶爾吃一次TT', 'time': 1607847538}, {'author_name': 'Elly Li', 'author_url': 'https://www.google.com/maps/contrib/113129574690240884953/reviews', 'language': 'zh-Hant', 'profile_photo_url': 'https://lh3.googleusercontent.com/a-/AOh14GjvUH9IlHupNoGl3rZhqcQdSlZ01PJFqxqHJ15TGQ=s128-c0x00000000-cc-rp-mo', 'rating': 5, 'relative_time_description': '1 個月前', 'text': '披薩好吃！啤酒也很好喝，讓人感覺非常舒服放鬆的小酒館，音樂好聽，食物很讚～不過高腳椅有一點點點難坐XD 兩個人坐的桌子比較小一點，但氣氛很棒！！', 'time': 1603689094}, {'author_name': 'Jean Lee', 'author_url': 'https://www.google.com/maps/contrib/113977548554580502345/reviews', 'language': 'zh-Hant', 'profile_photo_url': 'https://lh6.googleusercontent.com/-cki9jah3e-s/AAAAAAAAAAI/AAAAAAAAAAA/AMZuucm-upyLKQiSN6pLA9Grilk4_DSPOg/s128-c0x00000000-cc-rp-mo-ba3/photo.jpg', 'rating': 4, 'relative_time_description': '2 個月前', 'text': '店內音樂與氛圍很舒服是聚餐聊天的好地方；Pizza、啤酒好吃好喝且有特色,值得一試喔👍', 'time': 1602504393}, {'author_name': 'Digi Wang (DG Wang)', 'author_url': 'https://www.google.com/maps/contrib/115533686806154428020/reviews', 'language': 'zh-Hant', 'profile_photo_url': 'https://lh3.googleusercontent.com/a-/AOh14Gig_efS8kmk7owESjZPv2m_axohu2rsRLptMAcDOYI=s128-c0x00000000-cc-rp-mo-ba3', 'rating': 5, 'relative_time_description': '5 個月前', 'text': '新竹最好吃ㄉ薄脆皮pizza，精釀啤酒也選的很好，算是一些好入門的款式，上面清楚標示酒精濃度，對新手十分友善。披薩🍕口味還算豐富，最喜歡香辣沙拉米，芝麻葉的披薩口味也非常好吃。除了披薩最常點的是炸雞，炸雞軟嫩，搭配的莎莎醬非常棒。而且披薩可以雙拼，一次吃到兩種口味。如果不喜歡薄脆餅皮的朋友我推薦市區的生地餅舖，我覺得是新竹Q皮披薩裡最好吃的。不過兩間店距離有點遠，不然個人更熱愛薄脆餅皮一些，加上啤酒選擇較多，最愛Schneider Tap5濃度8.5%又頗具酒花香，苦甜口感搭配香辣沙拉米口味披薩真d棒。只是距離舊城區略遠，無法想到就去吃一下喝一杯。', 'time': 1593938381}, {'author_name': '海膽', 'author_url': 'https://www.google.com/maps/contrib/108437315063883816787/reviews', 'language': 'zh-Hant', 'profile_photo_url': 'https://lh3.googleusercontent.com/a-/AOh14Gg5na4CVq1j0DRHIqYRVOLdL1ImwDKey42ACUII=s128-c0x00000000-cc-rp-mo', 'rating': 4, 'relative_time_description': '3 個月前', 'text': 'pizza做得挺道地的，好吃! 下班後氣氛放鬆的小地方。唯獨一點，坐一樓油煙味很重', 'time': 1598692383}]",36667687
3,城咖 Urban Tribe,4.5,新竹市北區武陵路22號,500,https://ifoodie.tw/restaurant/59417b652756dd524dd08ba0-%E5%9F%8E%E5%92%96-Urban-Tribe,ChIJR_CPk7c1aDQRAL5aqaYaeAY,"{'lat': 24.8159448, 'lng': 120.9630259}",24.8159448,120.9630259,"[{'author_name': 'ghost CC', 'author_url': 'https://www.google.com/maps/contrib/116785094944651811436/reviews', 'language': 'zh-Hant', 'profile_photo_url': 'https://lh3.googleusercontent.com/a-/AOh14GgCIl9eobSYSW197b1zjSC1tbe6D_Pr3r42NSNofQ=s128-c0x00000000-cc-rp-mo', 'rating': 3, 'relative_time_description': '1 個月前', 'text': '之前不久去用餐\n菜單上寫炸透抽，上菜裝的是炸魷魚....\n2種完全不同，無法理解為何會出現這樣掛羊頭賣狗肉的情況\n\n詢問店員也只是給我一個尷尬而不失禮貌的微笑\n說可能是廚房換了食材等話\n\n建議店家 更正菜單名稱 或是 更換成正確的食材\n不然感覺很差，不是所有人都分不出來😑😑😑', 'time': 1604529380}, {'author_name': '省一元', 'author_url': 'https://www.google.com/maps/contrib/116164455591187826462/reviews', 'language': 'zh-Hant', 'profile_photo_url': 'https://lh3.googleusercontent.com/a-/AOh14GjtNVn5PKCFK9dsyEd4WdntbHYPePRpwt1EGF4kLw=s128-c0x00000000-cc-rp-mo-ba3', 'rating': 5, 'relative_time_description': '1 個月前', 'text': '食物很好吃，環境舒適，店員也非常親切！！\n牛排很嫩，味道很有層次，好特別啊！\n不過餐點份量偏少，吃下來價格稍高，兩個人就吃了快三千XD', 'time': 1604236052}, {'author_name': 'Jack Tsai', 'author_url': 'https://www.google.com/maps/contrib/104471712225948790046/reviews', 'language': 'zh-Hant', 'profile_photo_url': 'https://lh3.googleusercontent.com/a-/AOh14Gh-QlOdQ9V6pT1594CsnHGANrdU86gre4_p5sJDv_M=s128-c0x00000000-cc-rp-mo-ba6', 'rating': 5, 'relative_time_description': '2 個月前', 'text': '牛排肉質好，料理手藝佳，義大利麵味道濃郁，精釀啤酒當然沒話說，推薦。', 'time': 1603025264}, {'author_name': 'Chuck Chen', 'author_url': 'https://www.google.com/maps/contrib/106965340440520898482/reviews', 'language': 'zh-Hant', 'profile_photo_url': 'https://lh3.googleusercontent.com/a-/AOh14GiaTQNGLQLhztMnqbSGPsMbU9Hf4BHzR5SR8X5x=s128-c0x00000000-cc-rp-mo-ba4', 'rating': 5, 'relative_time_description': '3 週前', 'text': '很有味道的一間店\n東西好吃之外，服務態度也一級棒！\n非常推薦', 'time': 1606018912}, {'author_name': 'Chu Alex', 'author_url': 'https://www.google.com/maps/contrib/116564558762019964796/reviews', 'language': 'zh-Hant', 'profile_photo_url': 'https://lh4.googleusercontent.com/--UaiCmFrBaQ/AAAAAAAAAAI/AAAAAAAAAAA/AMZuuclvP2AcMPrZxb19VAEOce04hcbiig/s128-c0x00000000-cc-rp-mo-ba2/photo.jpg', 'rating': 2, 'relative_time_description': '6 個月前', 'text': '雖然我並非美食專家，不過七分熟的牛小排做這種呈現無論是誰都沒有辦法接受的。\n請貴店家加強員工教育訓練；初次來訪，步入店裡感覺氛圍不錯，提及我們可能嚮往坐在2樓時，店員隨口說了幫我們確認一下位置。(所以你們都沒有掌握2樓的入座狀況嗎?) 入座後，並無提供水杯餐具，但是我們都發現其他用餐客人桌上都至少有飲用水杯。接下來白衣女性店員來服務點餐時，皆有反覆確認餐點；卻在上餐點時發生錯誤；我們點的是飯+湯/麵包，來了義大利麵，直到我們離席前都沒有與湯&麵包相遇。想進一步詢問店員時，口頭要我們等候一下；卻完全沒有任何作為(就是在裝忙)。本人最為有意見的是 「七分熟牛小排」真的不應該是如此呈現的。事後有奉上兩杯小杯的酒精飲料作為補償；但是並未詢問是否有騎車開車，這一點小細節希望未來業主可以注重一下。請針對員工教育訓練再做加強，不然就真的太可惜了！', 'time': 1592724746}]",35320029
4,iPOPs美式創意手作冰棒,4.7,新竹市東區南門街111巷6號,200,https://ifoodie.tw/restaurant/5ccd431c23679c1817749d45-iPOPs%E7%BE%8E%E5%BC%8F%E5%89%B5%E6%84%8F%E6%89%8B%E4%BD%9C%E5%86%B0%E6%A3%92,ChIJmQWXPThLaDQRo1X6vdhUkG0,"{'lat': 24.8025047, 'lng': 120.9661781}",24.8025047,120.9661781,"[{'author_name': 'Jeremi Lin', 'author_url': 'https://www.google.com/maps/contrib/105841686923016849759/reviews', 'language': 'zh-Hant', 'profile_photo_url': 'https://lh3.googleusercontent.com/a-/AOh14GjSjRq3RA6rIjtx-pVUDM5yxw6ZNTjrTNwHgBfRvw=s128-c0x00000000-cc-rp-mo-ba3', 'rating': 1, 'relative_time_description': '1 個月前', 'text': '店家對於自己造成的狀況，毫無服務業的基本精神，只想著轉榢風險到消費者上，對於耽誤的時間連一句話也沒表示，更任由店內的人對客人出言不遜，令人失望的一次歷程，或許大多數顧客不會有機會碰到類似狀況，也許平常情況下體驗會好上許多，但我個人是沒有興趣去確認了。\n\n[EDIT:回應店家回覆內容]：\n我在進入店內時有先訊問是否收客庄券，經店家確認後才入內，既然我本來就是為了將客庄券用掉，才經由浪漫客庄平台得知貴店存在前往，若最後不能使用必須要用現金支付怎麼會沒有損失？我要用現金不會去我更想去的店嗎？說店不會搬所以不用擔心也是只能笑笑，難道是認為我應該是住在隔壁，交通不需要時間跟車資？而你認為我是抽獎得到的就沒有資格要求或抱怨這個心態本身就有問題，一是你們才是實際上會收到國民納稅錢的一方，二是你們利用了這個活動得到了曝光等於免費的宣傳，只想拿好處（宣傳）卻不盡好自己的義務（將收取客庄券的帳號開通處理好）也未免太自助餐全世界都欠你們的就是？若你要說是客委會的錯，我去了桃園新竹五間店使用客庄券，其中也不乏快要可以退休的阿姨在做的店家，各處都無痛使用就你們不行，到底是別人都太聰明還是相反？且就算真的是客委會有什麼沒做好，也不應該覺得客人使用「事先向你們確認過」的付款方式是在找你們麻煩，有這種心態也難怪會處理成這個樣子。\n\n另外，你們「提出全額招待」，是在浪費了顧客一個小時，並且我方不同意承擔非我方造成問題的風險之後，以微慍口吻提出，並加上「我們並不是沒有裝監視器」等句子，其實就是我所謂「出言不遜」的部分，若要將其美化為店家的善意也未免太過勉強。\n\n在此貼心小提醒，你們承擔的風險並不是未收的 300 加上原物料成本，將這兩個數字加起來算，跟說我先付現金之後你們如果再收了客庄券不退我錢因為那是政府付的所以我沒有風險一樣的荒謬可笑，難道是在說你們每賣出一個商品可以賺得售價加上成本的價值，小學生吵架等級的邏輯還是別拿出來用了吧。\n\n你們要繼續覺得我是個找麻煩的顧客我只能隨便你們，反正實際上在開店的是你們，如果不願意檢討自己，覺得只有王品價位的店才需要有服務業精神，那也是你們自己要承擔後果的，我沒有說一定好或壞，交由世間公評。', 'time': 1603655011}, {'author_name': 'Tim Ke', 'author_url': 'https://www.google.com/maps/contrib/109577263546394029314/reviews', 'language': 'zh-Hant', 'profile_photo_url': 'https://lh3.googleusercontent.com/a-/AOh14GgSoLiYvpccgJyxnIKZ7oDdGFBgPhG5b1uxBCZVvA=s128-c0x00000000-cc-rp-mo-ba4', 'rating': 5, 'relative_time_description': '4 週前', 'text': '大愛這家店！榴蓮冰非常夠味😍\n（老闆說一顆榴槤只能做出八枝冰棒）\n店裡的貴賓狗也很Q ！他叫熊熊，今年12歲。\n有機會的話想再來試試看店裡的酒類，主打平價但時尚的風格！\np.s.老闆們人超好聊天，知道我們從台北來也推薦了自己朋友在台北開的酒吧給我們🙋🏻\u200d♂️', 'time': 1605885031}, {'author_name': '溫榮翔', 'author_url': 'https://www.google.com/maps/contrib/112778984593049545754/reviews', 'language': 'zh-Hant', 'profile_photo_url': 'https://lh4.googleusercontent.com/-_kbCvcpWU8k/AAAAAAAAAAI/AAAAAAAAAAA/AMZuucl_SzDygEDz1Ep5Fnm4ws_HdqqMfA/s128-c0x00000000-cc-rp-mo/photo.jpg', 'rating': 5, 'relative_time_description': '3 週前', 'text': '老闆親切，調酒飲品都很好喝，店狗乖，店內也沒有任何煙味異味，放鬆的好去處，大推😀', 'time': 1605974334}, {'author_name': 'Nor_Wei', 'author_url': 'https://www.google.com/maps/contrib/102848986311717133135/reviews', 'language': 'zh-Hant', 'profile_photo_url': 'https://lh3.googleusercontent.com/a-/AOh14Gh39qNyFnUOxSCtxLK9i_3lL2gaiNWAzPkdnDjO=s128-c0x00000000-cc-rp-mo-ba5', 'rating': 5, 'relative_time_description': '5 個月前', 'text': '📌會再訪的一家店😋😋\n進去後，迎接我們的是超熱情的店狗🐶貴賓犬 #熊熊（超級親人，看到蕎妹👧🏻都很好奇上前一直聞她呢！）\n由於我們是第一次去，老闆都很熱心的依依介紹本店的商品。\n-\n🔅該店還會時不時推出『隱藏版』冰棒，每次的隱藏版都不一樣哦‼️\n🔅白天是個適合喝下午茶的咖啡店☕️，晚上又是個酒吧🥂，整個就像個 #咖啡小酒館 。\n🔅店內有許多特色牆面，超適合拍照📷，可能會變成 #網美集散店 歐～😌😌😌\n🔅冰棒有的還能客製化➕料，還不趕快去發揮你們的創意吧‼️😆😆😆\n📍 #檸檬冰棒氣泡咖啡 $160：咖啡氣泡水➕搭配檸檬冰棒，喝起來就像 #西西里咖啡 ，但咖啡味沒有那麼重，不喜歡喝黑咖啡的人都能夠接受。問我妹就知道，她也很喜歡這味。重點是什麼你知道嗎？如果要分開吃冰棒也很棒⋯因為冰棒很好吃😋🤣🤣🤣。\n📍 #冰棒拿鐵 $160：黑咖啡➕搭配牛奶冰棒，就是拿鐵無誤，但他表現的形式不是直接倒入牛奶，而是用咖啡原本的熱度慢慢去融化那支牛奶冰棒⋯冰棒單吃也超好吃。（不蠻大家說，我趁冰棒還沒融化趕快拿起來啃😂😂😂）\n🍗 #炸物 （每個品項都均一價$90）：德式香腸➕香酥雞塊。\n⚠️冰品建議立即吃完，因為全是手工製作無添加化學成分，所以冰品只要出冰箱融化的速度超快。（因為我為了拍照，為了冰棒已經在流淚了💧😅😅😅）\n🍦 #曠世奇派 $65：鮮奶➕白/黑巧克力醬➕花生粒➕巧克力米。是以牛奶打底的冰棒，搭配上述的組合整支很繽紛，牛奶味蠻重的。\n🍦 #草莓丸子病 $70：草莓牛奶➕白/黑巧克力醬➕巧克力米➕棉花糖。草味打底的冰棒，草莓香是淡淡的（吃得出來沒加香精，加分💯），平常不太愛草莓口味的我，這個我超喜歡💕。', 'time': 1594728903}, {'author_name': 'Ivy', 'author_url': 'https://www.google.com/maps/contrib/107083958963832231182/reviews', 'language': 'zh-Hant', 'profile_photo_url': 'https://lh4.googleusercontent.com/-Ki4NBxYOyhk/AAAAAAAAAAI/AAAAAAAAAAA/AMZuuckOyIoQzuXP89-uLlpo5yeKqkz4og/s128-c0x00000000-cc-rp-mo-ba3/photo.jpg', 'rating': 5, 'relative_time_description': '5 個月前', 'text': '07/07iPOPs手作冰棒\n追蹤IG->dolphin_08.17看更多美食\n炎炎夏日走在新竹車站附近，好想來根冰棒或是冰涼的氣泡飲消暑。\n走著走著來到新竹關帝廟，照例進去拜拜完後，莫名轉進旁邊的小巷子。\n別問為什麼會轉進去，可能是帝君覺得天氣真的太熱了，想指引找到心中所想的消暑XD\n轉彎進巷子後就看到這間(冰棒)iPOPs手作冰棒Cafe。Bar\n天哪~怎麼就這麼巧這麼剛剛好呢~ 😳😳😳\n還沒推門進去就看到店狗-熊熊在店門口在門後很興奮地搖尾巴，彷彿在說著快進來快進來~\n進門彷彿來到美式復古店，明亮舒適的空間設計，擁有近距離觀看到帥氣老闆工作的吧台座位及令人放鬆沙發座位，環繞空間的音樂也是美式復古音樂為主，最後面的沙發座旁邊還有網美網帥最愛拍照的花牆\niPOPs手作冰棒CAFE。BAR\n>:薑汁檸檬x薄荷葉\n入口後酸甜的薑汁檸檬趕跑了全身的熱氣，瞬間清涼不少。\n>:草莓牛奶x巧克力醬x棉花糖x巧克力米x白巧克力淋醬\n黑巧克力醬包裹著草莓牛奶冰棒，撒上小巧造型的棉花糖，淋上白巧克力醬，瞬間少女心爆棚。\n咬下去苦甜又脆的黑巧克力外殼巧妙地融合稍甜的草莓牛奶冰棒，讓人彷彿置身在戀愛的氛圍裡。\n>:覆盆子果露x氣泡水\n>:荔枝果露x氣泡水\n雖然菜單上有酒精飲品，但外面天還大亮著，只能忍住想喝酒的衝動，這對一個酒控來說真不容易🤦🏻\u200d♀️\n點兩杯氣泡飲體驗喝酒後通體舒暢的清涼感xD', 'time': 1594868570}]",989883982
5,Fleur Lis 芙洛麗大飯店,4.0,新竹市東區民族路69號,500,https://ifoodie.tw/restaurant/55960bbec03a10072a153879-Fleur-Lis-%E8%8A%99%E6%B4%9B%E9%BA%97%E5%A4%A7%E9%A3%AF%E5%BA%97,ChIJ2wj3W8M1aDQRK0HnRKo0ptI,"{'lat': 24.807079, 'lng': 120.975231}",24.807079,120.975231,"[{'author_name': 'Jerry peng', 'author_url': 'https://www.google.com/maps/contrib/113145765304977019675/reviews', 'language': 'zh-Hant', 'profile_photo_url': 'https://lh5.googleusercontent.com/-UKxi_3hMXK4/AAAAAAAAAAI/AAAAAAAAAAA/AMZuucnCptKnEmep-n7vn5Gxl5Nry7Kyng/s128-c0x00000000-cc-rp-mo-ba5/photo.jpg', 'rating': 3, 'relative_time_description': '本週', 'text': '芙洛麗_食譜自助百匯：\n\n評價：🌟🌟🌟.5\n\n在放假前夕⋯感謝三位同事請公司同人吃飯！（恭喜恭喜🎉）剛巧來吃⋯我還沒來吃過的飯店，之前常常聽到⋯蠻兩極的評價的！今天來嚐鮮就知道⋯到底如何了？！😂\n\n#食感：食材的樣式比想像中的多！但⋯大多蠻普通的！比較覺得好吃的就是⋯現煎鐵板這攤！丹麥梅花豬肉香濃郁，肉質多汁，香煎藍鑽白蝦淡淡米酒去腥提鮮，肉質Q彈，胡椒點綴香氣！再來就是鮭魚壽司油酯鮮香入口滑嫩有點點可惜的是醋飯稍稍有一點點偏乾，冰淇淋莫凡彼，Haagen-Dazs ，完美的Ending ！給大家參考一下！😆\n\n#小提醒：當月壽星打8折喔！😊', 'time': 1607752824}, {'author_name': '諾爾蔓', 'author_url': 'https://www.google.com/maps/contrib/106299072235590574625/reviews', 'language': 'zh-Hant', 'profile_photo_url': 'https://lh5.googleusercontent.com/-vjY-HmTD1OY/AAAAAAAAAAI/AAAAAAAAAAA/AMZuucmFzqgMPg9xvzNgyuJvzSgY4CEOcQ/s128-c0x00000000-cc-rp-mo-ba5/photo.jpg', 'rating': 4, 'relative_time_description': '3 個月前', 'text': '新竹優質服務美食餐廳🍴，新竹芙洛麗大飯店', 'time': 1599529497}, {'author_name': 'I ris', 'author_url': 'https://www.google.com/maps/contrib/112268228157024473714/reviews', 'language': 'zh-Hant', 'profile_photo_url': 'https://lh3.googleusercontent.com/a-/AOh14GgEJZ_0sNbLYMHkRtnX8gJEj8VAKjI3_LasdnLOfA=s128-c0x00000000-cc-rp-mo', 'rating': 2, 'relative_time_description': '1 個月前', 'text': '一樓的食譜自助百匯，種類頗多，甜點有一定水準，馬卡龍很美味！但燒烤類的廚師們，態度非常不耐煩，看到用餐的人排隊等著拿，不僅口氣很兇，而且完全不理詢問，右邊串燒及烤箱區三個廚師顧著一直聊天。鐵板的師父則是，在煎牛排時，幾度不悅把蝦子用力挖起來看幾眼，再甩下煎台上，最後是把煎熟的蝦子用甩的，扔進煎台旁的鐵盒，客人其實都站在台前看著廚師，雖然鐵板的藍鑽蝦很新鮮大尾，但廚師用什麼心情對待食物，食物就呈現什麼程度的口味。\n整體而言，除了外場服務人員，整理桌面火速，且每位都很親切，接近滿分的服務品質，其他內場熟食區的廚師，完全不及格，看到師父很不樂意煎的樣子，再好的食材也沒吸引力去，大幅降低再訪的意願。', 'time': 1604410078}, {'author_name': '郭俊廷', 'author_url': 'https://www.google.com/maps/contrib/106376262084718107745/reviews', 'language': 'zh-Hant', 'profile_photo_url': 'https://lh4.googleusercontent.com/-Q3MbAACTJBU/AAAAAAAAAAI/AAAAAAAAAAA/AMZuucn30jUeWo9brqtboKyIbyxhbt5f9Q/s128-c0x00000000-cc-rp-mo/photo.jpg', 'rating': 3, 'relative_time_description': '2 個月前', 'text': '先說好的部分：\n1. 床很舒服，躺下能秒睡\n2. 自助早餐也很豐盛，竟然有哈根達斯\n3. 停車方便，開車到城隍廟只要10-15分鐘。\n\n至於缺點，真的覺得如果想好好經營飯店這部分，希望能改善\n1. 帶小寶寶來的旅客可能要三思，備註嬰兒床、消毒鍋、澡盆都沒問題準備好好，但重點是嬰兒床竟然只有遊戲床，而且是低到底的床還不能調整高度，這種嬰兒床還真是第一次在飯店看到，非常難哄小孩而且也不好睡，多一點投資更新成好一點的嬰兒床應該不難吧⋯⋯\n2. 浴室盥洗備品沒有潤髮乳，對女生旅客來說很不方便，這些真的沒值多少錢，可以投資一下吧\n3. 價格偏貴，住房價跟新竹國賓老爺差不太多了，但又沒什麼設施可玩', 'time': 1600689625}, {'author_name': 'Ivey Fang', 'author_url': 'https://www.google.com/maps/contrib/110244868426012805778/reviews', 'language': 'zh-Hant', 'profile_photo_url': 'https://lh6.googleusercontent.com/-rEaP-7r6UsE/AAAAAAAAAAI/AAAAAAAAAAA/AMZuucnSqtq9rDZozbbgGJkQVqdiGCb6bA/s128-c0x00000000-cc-rp-mo/photo.jpg', 'rating': 1, 'relative_time_description': '4 個月前', 'text': '一樓自助餐的餐點份量永遠都不夠，少少的菜卻接一堆的客人，造成所有的客人都在排隊等食，不誇張，每個客人就像是乞丐一樣的在討食，連餐盤都沒有可以用，超可憐的。好不容易排了15分鐘以上，結果只能拿二貫小小的握壽司，也就是說二個小時的用餐時間，客人至少要花一個小時在排隊。還有那""舒芙蕾""，20分鐘只可以出爐8份，這真的是笑死人了！一個餐廳一次接待200位以上的客人，但二個小時只願意出爐50份左右的甜品，實在是差勁極了！！\n\n座位方面也很爛！我們訂9位，但卻給我們6人座來擠，芙洛麗要賺錢也不是這樣的賺法吧！硬塞一堆客人，上菜速度慢，餐食不夠吃，連座位都要客人硬擠，這樣的用餐品質真的很差，也難怪芙洛麗給人的評價就像夜市一樣等級，是上不了台面的。\n\n如果可以，我連一顆星星都不願意給', 'time': 1597576790}]",36238899
6,EISEN bistro,4.6,新竹市東區民權路208號,877,https://ifoodie.tw/restaurant/55a5f84bc03a102ec1415b7b-EISEN-bistro,ChIJCcRRB8U1aDQR-m7NrAqo8JA,"{'lat': 24.8104925, 'lng': 120.9732995}",24.8104925,120.9732995,"[{'author_name': 'Jerry Chang', 'author_url': 'https://www.google.com/maps/contrib/113010939090036847153/reviews', 'language': 'zh-Hant', 'profile_photo_url': 'https://lh3.googleusercontent.com/a-/AOh14GhHRQmqmNnFg1vV2HD5V1hy865D2isXH_k_aZlr=s128-c0x00000000-cc-rp-mo-ba4', 'rating': 4, 'relative_time_description': '2 個月前', 'text': '東西好吃 酒下次喝看看', 'time': 1600619568}, {'author_name': '蔡明嘉', 'author_url': 'https://www.google.com/maps/contrib/112995856628692086736/reviews', 'language': 'zh-Hant', 'profile_photo_url': 'https://lh3.googleusercontent.com/a-/AOh14Gh42HJos-uCHLf4UHq_wqqL9zbjj92AfVMSea5CuQ=s128-c0x00000000-cc-rp-mo-ba5', 'rating': 3, 'relative_time_description': '1 個月前', 'text': '環境舒適，位置多且不會擠\n附近可以停東大路停車場或巨城\n採光好，服務親切\n廁所在二樓有兩間，蠻乾淨的且貼心，其中一間有尿布台\n食物選擇多還有多種啤酒（草莓啤酒很好喝）\n但味道普通跟價格比起來有點貴\n必吃大概就是炸海鮮，雖然黑嚕嚕但炸得酥脆肉質嫩\n奶油燉雞份量是不錯但肉質稍柴\n剝皮辣椒雞義大利麵感覺就是普通會辣的義大利麵配上雞肉，味道沒有融合\n用筷子吃感覺其實沒有很方便', 'time': 1603786480}, {'author_name': 'Pohau Huang', 'author_url': 'https://www.google.com/maps/contrib/113682138699661642655/reviews', 'language': 'zh-Hant', 'profile_photo_url': 'https://lh3.googleusercontent.com/a-/AOh14GhM6IKW0r9IwQxXDAhpdcyNlQIaI5Y5GUdkakl3yA=s128-c0x00000000-cc-rp-mo', 'rating': 5, 'relative_time_description': '3 週前', 'text': '每道菜都比謝還驚艷，好吃到舔盤子！龍蝦米糕真的有隻龍蝦，炸物拼盤紹興雞啤酒蚵高粱香腸的酒香味讓我想泡在酒桶裡，大力推薦豬腳，吃完後立刻再打包一份回家，也佩服餐廳的選酒品味啤酒葡萄酒各有特色，來新竹一定要留一餐來艾昇，記得訂位！', 'time': 1605944742}, {'author_name': 'Yi-Jung Hsu', 'author_url': 'https://www.google.com/maps/contrib/106256503867678019914/reviews', 'language': 'zh-Hant', 'profile_photo_url': 'https://lh5.googleusercontent.com/-Fg_2HGQsrRw/AAAAAAAAAAI/AAAAAAAAAAA/AMZuucnrLT_gROwduqo4zUI3Z1r20JbggQ/s128-c0x00000000-cc-rp-mo-ba3/photo.jpg', 'rating': 4, 'relative_time_description': '2 週前', 'text': '融合台式與西餐的料理，今天的每日例湯是蘑菇濃湯，菇味濃厚，開胃菜的蚵仔酥還有一些炸蔬菜滿好吃的，青醬義大利麵普通，推薦海鮮燉飯，海鮮給的滿多的，蝦子有先烤過的香氣，下次會想再跟親朋好友來嚐嚐別的菜色。', 'time': 1606553874}, {'author_name': 'Carolina Zeng', 'author_url': 'https://www.google.com/maps/contrib/102285534764443610802/reviews', 'language': 'zh-Hant', 'profile_photo_url': 'https://lh3.googleusercontent.com/a-/AOh14Ghg_GUNRD8J14KEe1cL13A_rWrxbvW7fYrwJDizuA=s128-c0x00000000-cc-rp-mo-ba5', 'rating': 5, 'relative_time_description': '1 個月前', 'text': '新竹CP很高的餐酒館\n店內的裝潢滿文青的\n二樓白天人太少的話不會開放\n但可以跟店家說一下能上去拍照\n陽光打下來的時候拍餐點真的很美\n最推薦他們的鳳梨梅子冰沙\n酸甜酸甜的\n會為了那杯冰沙再訪的\n其他的餐點也都表現的不錯\n有道蝦子烘蛋的也是推薦必點\n不油膩好吃\n布丁的部分相較之下遜色的點\n但絕對是值得點一顆來拍照讓相機過過癮', 'time': 1603793618}]",35350008
7,冪La Miette Cafe,4.5,新竹市北區經國路二段352號,500,https://ifoodie.tw/restaurant/58ff8fc32756dd5ad165d92e-%E5%86%AALa-Miette-Cafe,ChIJd7eAy701aDQRpcLoedSl-s0,"{'lat': 24.807983, 'lng': 120.957869}",24.807983,120.957869,"[{'author_name': '鄭世宏', 'author_url': 'https://www.google.com/maps/contrib/101163178852466048913/reviews', 'language': 'zh-Hant', 'profile_photo_url': 'https://lh4.googleusercontent.com/-FwztgruZ6HU/AAAAAAAAAAI/AAAAAAAAAAA/AMZuucnSh_FMK7sZCUGgKvIS_fxgrA7kng/s128-c0x00000000-cc-rp-mo/photo.jpg', 'rating': 2, 'relative_time_description': '3 個月前', 'text': '餐點OK\n桌子小,服務不及格', 'time': 1600060869}, {'author_name': '張晴晴', 'author_url': 'https://www.google.com/maps/contrib/115488684996622393095/reviews', 'language': 'zh-Hant', 'profile_photo_url': 'https://lh6.googleusercontent.com/-Mjk0R7-oXgM/AAAAAAAAAAI/AAAAAAAAAAA/AMZuucmDFmad67emjFgGst2I69MgsRqm5g/s128-c0x00000000-cc-rp-mo-ba3/photo.jpg', 'rating': 4, 'relative_time_description': '3 個月前', 'text': '烤飯不錯，奶酪非常推薦', 'time': 1600190369}, {'author_name': 'ching chu', 'author_url': 'https://www.google.com/maps/contrib/107944122872555646772/reviews', 'language': 'zh-Hant', 'profile_photo_url': 'https://lh3.googleusercontent.com/-34hGYpANAXo/AAAAAAAAAAI/AAAAAAAAAAA/AMZuuclNaJG6kGMK0LwAbOegN65_WDsBpg/s128-c0x00000000-cc-rp-mo-ba3/photo.jpg', 'rating': 5, 'relative_time_description': '4 個月前', 'text': '多訪後來評論區朝聖看看某個自以為事的新竹美食評論家拿幾個月前的照片來評論留言，看完之後覺得某個評論家還是回去喝魚丸湯，吃臭豆腐比較符合自身習慣加工食物的味覺 據說店家並沒有胡麻沙拉阿？人家西餐你說他出三小胡麻沙拉，整天要CP值那您怎麼不去準備個碗坐在便利商店門口，這樣有冷氣有人潮又有錢領還不用什麼成本就能賺錢，CP值特高呢~', 'time': 1597820559}, {'author_name': 'AbY', 'author_url': 'https://www.google.com/maps/contrib/104967649105519559242/reviews', 'language': 'zh-Hant', 'profile_photo_url': 'https://lh5.googleusercontent.com/-VRHp8RrP3Uk/AAAAAAAAAAI/AAAAAAAAAAA/AMZuuclVE5zJIFSaevUgNhpVc82Psh0Icw/s128-c0x00000000-cc-rp-mo-ba3/photo.jpg', 'rating': 4, 'relative_time_description': '本週', 'text': '店內裝潢很網美，空間感覺舒適，桌距也足夠不會受別桌影響，洗手間讓女生感覺很貼心。我跟朋友只單點義大利麵&甜點... 麵口味OK，但或許那些名稱看起來有趣的菜會更好吃? 甜點非常推蜂蜜脆片戚風! 但檸檬糖霜蛋糕卻有點失望，可能我剛好比較喜歡冷/凝固的檸檬糖霜吧...(會烤熱了上桌，糖霜變成融在盤面的檸檬糖液，蛋糕口感也變的偏軟)', 'time': 1608049850}, {'author_name': 'Ilona Lao', 'author_url': 'https://www.google.com/maps/contrib/102673467575014790918/reviews', 'language': 'zh-Hant', 'profile_photo_url': 'https://lh5.googleusercontent.com/-IkTvc71r0XA/AAAAAAAAAAI/AAAAAAAAAAA/AMZuuclaBspX-ULmrdz818GbbP4O3zSrQQ/s128-c0x00000000-cc-rp-mo/photo.jpg', 'rating': 1, 'relative_time_description': '1 個月前', 'text': '上菜速度真的慢到一個可以，叫外場人員介紹個菜單怎麼會這麼草率又沒細節？\n請加強員工訓練，\n請加強員工訓練，\n請加強員工訓練\n貴店是不是讓工讀生沒有做好訓練就讓他上工啊？\n連可頌都變難吃了，跟一年前第一次來吃時真的差好多，難道是有改配方嗎？重點是還是同樣價錢一樣貴，真的感覺很不好...', 'time': 1605403735}]",35266766
8,Bar Approx. 將進酒,4.5,新竹市東區金山街19號2樓,500,https://ifoodie.tw/restaurant/5c1c522223679c113a920419-Bar-Approx.-%E5%B0%87%E9%80%B2%E9%85%92,ChIJtblZbSQ3aDQRuD4Tegc5i6g,"{'lat': 24.7783818, 'lng': 121.0200741}",24.7783818,121.0200741,"[{'author_name': '孤獨的美食達人', 'author_url': 'https://www.google.com/maps/contrib/101009615817064522342/reviews', 'language': 'zh-Hant', 'profile_photo_url': 'https://lh3.googleusercontent.com/a-/AOh14Ghg21KfMAC_boay_2IwTgvUbf-Ig-b2T4de1U_J0jw=s128-c0x00000000-cc-rp-mo-ba3', 'rating': 1, 'relative_time_description': '本週', 'text': '一顆星不都想給\n近來通知要帶口罩 因為政府規定（裡面客人都沒帶口罩，正常喝酒誰會戴口罩放）\n後來自己朋友來不用帶口罩卻可以\n雙重標準 卻說會提供口罩給朋友\n瞎爆了.....\n調酒普通 確實個高價格\n可能當附近住的工程師盤子\n調的再好喝 態度零分 喝起來都不滿意\n\nBartender看到評論還叫朋友刷評論？做賊心虛？\n摸著自己良心吧', 'time': 1607798761}, {'author_name': 'Tuna Beauty', 'author_url': 'https://www.google.com/maps/contrib/118097983871753706099/reviews', 'language': 'zh-Hant', 'profile_photo_url': 'https://lh3.googleusercontent.com/a-/AOh14Gi_bg3PejpqunJ_GWNMsACvH483o1VWK6acWM7N8P0=s128-c0x00000000-cc-rp-mo-ba4', 'rating': 4, 'relative_time_description': '1 週前', 'text': '裝潢有情調有氣氛，服務態度很良好，這次點了三杯調酒一杯啤酒，體驗都很棒，會再造訪，下次會吃吃看餐點，最喜歡鳳梨調酒，味道特別，野格也調得很好。', 'time': 1607704062}, {'author_name': 'Gloria Lai', 'author_url': 'https://www.google.com/maps/contrib/104430958547871046264/reviews', 'language': 'zh-Hant', 'profile_photo_url': 'https://lh6.googleusercontent.com/-Ing_bZ3WilM/AAAAAAAAAAI/AAAAAAAAAAA/AMZuuclX4RJ-lA0p2mXhRl_2MlKmPPElUw/s128-c0x00000000-cc-rp-mo/photo.jpg', 'rating': 5, 'relative_time_description': '本週', 'text': '每一杯酒都很有巧思，bartender很專業，無論想喝什麼樣風味的酒都有，看到很多評論說男bartender態度差，我自己跟朋友去是都沒遇過這個狀況啦，感覺裡面男女bartender都滿好聊的，服務態度滿好的啊，是個值得一來的地方', 'time': 1607857580}, {'author_name': '劉姿妤', 'author_url': 'https://www.google.com/maps/contrib/104595317701227902892/reviews', 'language': 'zh-Hant', 'profile_photo_url': 'https://lh3.googleusercontent.com/-pUjjgEnlDs8/AAAAAAAAAAI/AAAAAAAAAAA/AMZuucmnHenytmCGywhrfawiPq8CCG2w-A/s128-c0x00000000-cc-rp-mo/photo.jpg', 'rating': 5, 'relative_time_description': '1 週前', 'text': '酒感重，Cp值很高，適合有在喝酒懂酒的人，喜歡喝甜妹酒的不建議來亂唷！很有質感的店，會再光顧！', 'time': 1607437385}, {'author_name': '積藏樂樂', 'author_url': 'https://www.google.com/maps/contrib/115043313368278085904/reviews', 'language': 'zh-Hant', 'profile_photo_url': 'https://lh3.googleusercontent.com/-TFrKCLSQc-0/AAAAAAAAAAI/AAAAAAAAAAA/AMZuucmuFuRBhbZjr_lF42wittg4jnlykA/s128-c0x00000000-cc-rp-mo/photo.jpg', 'rating': 5, 'relative_time_description': '2 個月前', 'text': '服務人員推薦的第一杯調酒＂玉兔言柚＂酒精濃度較低，以琴酒為基底，聞得到柚子的香氣，搭配鹽口杯更帶出柚子酒的清甜，上層微微的發泡蛋白提升了口感，整體來說是一杯清爽的調酒，做為第一杯開胃酒，推推唷👍，第二杯＂將進酒＂充分展現店家濃濃的中國風，入眼是東方神秘紫，入鼻是桂花清香，入喉是荔枝鮮甜但不膩口，很有層次的一杯酒，彷彿來趟穿越時空的古今之旅，這杯下肚後會有飄飄然的快感～不愧是招牌同名酒🤙，搭配現炸薯條就是波兒棒✌️！店內服務人員態度都很nice，每杯調酒份量也很夠！Cp值超高🤘～最近店家剛好推出2週年活動，新鮮的生蠔搭配調酒或啤酒～超享受👏\n會再造訪的店🍸🍹🍺🥂🥃🍻🍷', 'time': 1600680642}]",36686335
9,La Dolce Vita樂多趣義大利餐廳,4.5,新竹市東區學府路61巷5之2號,700,https://ifoodie.tw/restaurant/58c047b82756dd732689b5ba-La-Dolce-Vita%E6%A8%82%E5%A4%9A%E8%B6%A3%E7%BE%A9%E5%A4%A7%E5%88%A9%E9%A4%90,ChIJISOj3OU1aDQRcczo3dgWlOY,"{'lat': 24.7949417, 'lng': 120.9779278}",24.7949417,120.9779278,"[{'author_name': '盧冠宇', 'author_url': 'https://www.google.com/maps/contrib/105525055374689869251/reviews', 'language': 'zh-Hant', 'profile_photo_url': 'https://lh3.googleusercontent.com/-CX8Hv9xyK7o/AAAAAAAAAAI/AAAAAAAAAAA/AMZuucmFegkjHtVhx82HDceiT26DG_g4yQ/s128-c0x00000000-cc-rp-mo/photo.jpg', 'rating': 5, 'relative_time_description': '3 個月前', 'text': '東西好吃，環境不錯，人員服務也好', 'time': 1600091698}, {'author_name': 'Cyril Tang', 'author_url': 'https://www.google.com/maps/contrib/104643509222828072140/reviews', 'language': 'zh-Hant', 'profile_photo_url': 'https://lh3.googleusercontent.com/a-/AOh14GiK-hQvb0geCaOJG_faL-0PsaPNTuEMfWeyUAx9ZTY=s128-c0x00000000-cc-rp-mo-ba3', 'rating': 5, 'relative_time_description': '3 個月前', 'text': '招待人員解說很到位，好吃', 'time': 1599301010}, {'author_name': '羅中佑', 'author_url': 'https://www.google.com/maps/contrib/105787144723917636139/reviews', 'language': 'zh-Hant', 'profile_photo_url': 'https://lh4.googleusercontent.com/-28fBPT6lnMY/AAAAAAAAAAI/AAAAAAAAAAA/AMZuuckXfAL8z0okuijbfHPC5dM-77rjfQ/s128-c0x00000000-cc-rp-mo-ba3/photo.jpg', 'rating': 5, 'relative_time_description': '2 週前', 'text': '🇫🇷Ciao a tutti,benvenuti\n忠實呈現食物本身的味道是義大利料理的靈魂\n每一道菜吃進嘴裡，您能感受老闆對食物的用心\n慢工出細活是此刻最佳寫照！\n首先上菜的是蚵仔海鮮蛋煎，吃進去的每一口，都是海鮮的味道！\n第二道是披薩，咬勁，厚薄皆恰到好處！\n第三道是鮮蝦起司麵疙瘩，老闆說醬汁是用蝦頭慢熬出來的！\n最後是義大利經典甜點tiramisù ～buonissimo!\nBuon appetito.\n\nCi vediamo alla prossima.', 'time': 1607000912}, {'author_name': '戴郁樺', 'author_url': 'https://www.google.com/maps/contrib/103365351083668135955/reviews', 'language': 'zh-Hant', 'profile_photo_url': 'https://lh3.googleusercontent.com/--Xw6DBQ_f5g/AAAAAAAAAAI/AAAAAAAAAAA/AMZuuckJtRC164Sri64mEwMXXpVKyIL1Ow/s128-c0x00000000-cc-rp-mo/photo.jpg', 'rating': 5, 'relative_time_description': '1 個月前', 'text': '義大利麵非常好吃 而且其他的配餐也相當有水準 價格合理 需要打電話問是否有位子 很容易在吃飯時間都客滿 滿推薦的一家義大利麵餐廳.', 'time': 1605516139}, {'author_name': '楊引弘', 'author_url': 'https://www.google.com/maps/contrib/105249638725778442499/reviews', 'language': 'zh-Hant', 'profile_photo_url': 'https://lh5.googleusercontent.com/-ExjJAAxcfyA/AAAAAAAAAAI/AAAAAAAAAAA/AMZuuck9eQH5o1o_ENLhEjk9pPVBsZJ85w/s128-c0x00000000-cc-rp-mo/photo.jpg', 'rating': 5, 'relative_time_description': '1 個月前', 'text': '餐點好吃\n製作用心\n價格合理\n推薦義大利湯餃\n海鮮 Fritata\n帽子布丁\nPizaa有迷人的豹紋邊很到位😉', 'time': 1604846645}]",35735822
10,Go eat Tapas Dining BAR 西班牙餐酒館,4.2,新竹市東區新源街108號,1000,https://ifoodie.tw/restaurant/568fe2ae699b6e4d81caa56d-Go-eat-Tapas-Dining-,ChIJczUaDXQ2aDQRLvxS6dQ5FJA,"{'lat': 24.8021049, 'lng': 120.9931076}",24.8021049,120.9931076,"[{'author_name': '仰望幼女的胖次', 'author_url': 'https://www.google.com/maps/contrib/103631504560407436349/reviews', 'language': 'zh-Hant', 'profile_photo_url': 'https://lh3.googleusercontent.com/a-/AOh14Ggl8Hu-X4E2iOnPGKRfEGAaKiCJ-QXMwwkrEsLwvg=s128-c0x00000000-cc-rp-mo', 'rating': 5, 'relative_time_description': '2 個月前', 'text': '價格偏高，但許多餐點的水準都十分優秀', 'time': 1600607156}, {'author_name': '葉姵蘭', 'author_url': 'https://www.google.com/maps/contrib/110876599000150520889/reviews', 'language': 'zh-Hant', 'profile_photo_url': 'https://lh6.googleusercontent.com/-MBXD988bnXc/AAAAAAAAAAI/AAAAAAAAAAA/AMZuucm5XyqZUkNdIKhgZRdSXGhuvXfvXQ/s128-c0x00000000-cc-rp-mo/photo.jpg', 'rating': 3, 'relative_time_description': '3 個月前', 'text': '今年的情人節選在Go eat tapas慶祝\n訂位後滿心期待\n因為以往有在西班牙小酒館上班的經驗\n所以對於tapas跟經典必喝的sangria都有記憶中的味道跟樣子\n\n不得不說這次用餐經驗挺失望的\n我點的是當日推出的情人節套餐\n菜單內容幾乎都是代表性的tapas\n比如炒蘑菇、馬鈴薯烘蛋、漁夫濃湯跟烤飯\n先說說失望的部份..\n點餐時服務生詢問烤飯是否可以接受米心微硬\n我們完全可以接受 因為我覺得這就是西班牙烤飯的精髓！結果上桌的烤飯...過於濕軟\n完全沒有一粒米是米心微硬的...\n如果說是店家為了迎合大多數台灣人口味而做成一般米飯的口感..那是否一開始就不用詢問是否可以接受 而在回應可以接受之後，上桌的又不是原本講好的樣子?\n再來是炒蘑菇...調味的部份還不錯\n但菇類們已經被炒到乾扁幾乎沒有水份..整盤的炒菇帶有苦味...本來前面幾道菜都還很喜歡\n結果從這道開始出現崩壞...💔\n後來因為加點了Sangria佐餐，所以加點了限量的7oz肋眼牛排，點餐時服務生詢問是否可以接受五分，我們也是回應完全沒有問題\n結果上桌的牛排...一半以上是油花\n以往在西餐廳打工的經驗 一直被教育好的牛排是油花分佈均勻\n且熟度也不均...有些根本只有三分\n再次大失所望💔\n最後是期待已久的Sangria\n以前在西班牙餐館上班時常常三不五時就來一杯\n也常在吧台調酒時在旁邊學習跟驚嘆還有試飲\n記憶中的sangria有紅酒為基底 再加上七喜(或雪碧)跟一點萊姆汁，當然杯裡的水果更不用說。整杯的口味就是有層次而且豐富\n而在這裡喝到的Sangria...味道好淡😭\n酒香沒有充分散發出來之外...七喜的味道感覺是已經脫離冷藏一段時間而失去氣泡的感覺\n整杯喝起來的感覺我真的不太會形容..再次心碎💔\n\n除此之外\n當然也有我認為不錯的地方\n餐點上我最喜歡的是漁夫濃湯跟橄欖油蒜蝦\n漁夫濃湯濃郁的海鮮鮮甜 完全不腥\n附上的法國麵包吸附湯汁後簡直人間美味\n我大概可以喝一整鍋吧😅\n橄欖油蒜蝦的蝦子超鮮甜 不過就是橄欖油的部份有點太多了...但因為蝦子本身甜味足 調味也非常入味 所以這道我真心喜歡\n\n雖然對於餐點失望比較多\n可能因為人多 所以品質比較不穩定\n(自己以前在西餐廳打工也常有這種情況)\n但還是真心希望店家能重視這幾個部份\n以用餐環境來說 個人覺得蠻舒服放鬆的\n雖然來來去去的人很多 但整體的氣氛跟燈光\n完全適合下班小酌 情侶約會 朋友家人聚餐的一個絕佳環境\n\n總結～\n雖然不盡理想 但還是會願意回訪的店家\n下次找個人相對較少的時段再嚐嚐🥺', 'time': 1598060525}, {'author_name': 'Hanna Chung', 'author_url': 'https://www.google.com/maps/contrib/115518199139520510778/reviews', 'language': 'zh-Hant', 'profile_photo_url': 'https://lh3.googleusercontent.com/-oX87K5J8N8g/AAAAAAAAAAI/AAAAAAAAAAA/AMZuucndc4TWysA5axhMe6QSS32e8-TSfQ/s128-c0x00000000-cc-rp-mo/photo.jpg', 'rating': 1, 'relative_time_description': '3 個月前', 'text': '收那麼高的費用還那麼爛，CP值很低\n一顆星只給餐點口味還可以，不再二訪。\n\n老公找的餐廳，說是評價很有氣氛，結婚週年來約會，但不得不老實說，「我們」很失望！\n「不知道是什麼氣氛」，很吵雜，連個音樂都沒有...講話聲此起彼落\n服務也不好，還收服務費，光紙巾直接放在桌上我就不行了，衛生呢？？？餐酒館，男服務員一問酒三不知，11:30進來後吃了沙拉、湯後，一小時後才連上兩道餐==\n\n最不開心的是情人節套餐的酒，要不兩杯酒要不兩杯果汁，不能一杯酒一杯果汁...老公開車不能喝酒，我只能配合選兩杯果汁...這套餐設計🤬🤬\n喔對，完全不問需不需要介紹菜單！給了就走？！', 'time': 1598504427}, {'author_name': 'TY C', 'author_url': 'https://www.google.com/maps/contrib/110407590693909937276/reviews', 'language': 'zh-Hant', 'profile_photo_url': 'https://lh3.googleusercontent.com/a-/AOh14GiLZymkzgXW6EvXFEcrAFj-zBZUJg4p3o9ztZgWsQ=s128-c0x00000000-cc-rp-mo-ba2', 'rating': 3, 'relative_time_description': '1 個月前', 'text': '食物還蠻好吃的，服務也不差，不過一些意見提供店家參考。90分鐘的用餐時間還是太倉促了，特別是一開始上餐有拖到的時候。再來是希望餐桌可以不要靠牆，不然桌上菜比較多的是後手要行動很受限。最後就是音樂希望可以小聲一點或是放輕柔一點的類型，不然就是鼓勵客人用吼的說話，結果就是整間店都鬧烘烘的，很吵雜。', 'time': 1604742902}, {'author_name': '品傑黃', 'author_url': 'https://www.google.com/maps/contrib/117549037126404286286/reviews', 'language': 'zh-Hant', 'profile_photo_url': 'https://lh3.googleusercontent.com/a-/AOh14GivtzkOLQ83YG9ny4yd7Erozn4aQPvbh4lpUIGe8Q=s128-c0x00000000-cc-rp-mo', 'rating': 3, 'relative_time_description': '1 個月前', 'text': '漁夫海鮮濃湯，味道可\n鮮蝦附法國麵包，服務人員推薦的，殊不知對於兩人份量有點太多，蝦子配橄欖油味道可，搭上麵包不會難吃\n\n前兩道都是海鮮搭麵包，對於沒做功課第一次來訪的人來說，有一點點小扣分\n\n松阪豬跟蒜味軟絲不會不好吃，處理的適中不會驚艷\n墨魚汁烤飯真的小失望，淡菜不大且太乾邊邊也烤焦，蛤蜊的部分也偏乾，鍋子想營造出跟飯一樣的漆黑感，鍋邊都是燒焦的黑疤，有些人可能會覺得一體感不錯，但也有些人會影響到食慾；後來服務人員幫忙詢問了一下，是單純的耗損，主廚會定期評估做更換，近期已到了要更換的時候，理解了原因就看個人接受與否這樣的感覺。\n\n整體來說，價格不算高，兩人吃起來是會很有飽足度，味道上不算突出，在有質感的裝潢下會覺得味道有些可惜，可來嚐鮮，口味偏重符合西班牙料理特色', 'time': 1604668036}]",35740267
11,步藏私,4.6,新竹市東區新莊街266巷36弄62號,280,https://ifoodie.tw/restaurant/5c481750f5246811870407d2-%E6%AD%A5%E8%97%8F%E7%A7%81,ChIJl8EkZTk2aDQRXYsdUuGkMHs,"{'lat': 24.7870818, 'lng': 121.0181533}",24.7870818,121.0181533,"[{'author_name': 'Kenny Lin', 'author_url': 'https://www.google.com/maps/contrib/108976847325168005446/reviews', 'language': 'zh-Hant', 'profile_photo_url': 'https://lh3.googleusercontent.com/a-/AOh14Gi1ZIQwqB7EJ8tW_kb9rZnBH1WYVT1UqwglFYYR=s128-c0x00000000-cc-rp-mo-ba3', 'rating': 4, 'relative_time_description': '本週', 'text': '非常有水準的義大利麵，\n正統的讓醬汁收乾，將味道全部鎖進麵條裡，\n讓每一根麵條都很美味，當然重點是醬汁味道也調的很好。\n牛肉品質也不錯，調理也恰到好處\n\n美中不足是只有老闆一人，比較耗時，似乎也忘了我們的啤酒，如果有臨時客加上提早到的預約客人等位子，在意的人就會變得吃的有點壓力。\n\n但食物真的好吃沒話說~', 'time': 1608118300}, {'author_name': '林昀萱', 'author_url': 'https://www.google.com/maps/contrib/114169212832398928702/reviews', 'language': 'zh-Hant', 'profile_photo_url': 'https://lh3.googleusercontent.com/a-/AOh14GjfRYMKBat3C17iUKPjg9gtjKDc4p6tJn3f0CyIlAo=s128-c0x00000000-cc-rp-mo-ba4', 'rating': 4, 'relative_time_description': '2 個月前', 'text': '店面空間小，僅有10個座位，建議訂位，當天用餐時有約3-5組過路客上門欲用餐，因為沒有訂位而直接離開。\n老闆一人包辦所有事務，店內氣氛走神祕低調路線，個人覺得燈光偏暗。\n可使用振興券消費。\n/\n青檸清炒船凍花枝義式圓麵（280元）+小套餐（110元）\n義大利麵中規中矩，花枝新鮮Q彈。小套餐選擇濃湯和紅茶，玉米濃湯是店家自製，非常濃郁且真材實料。\n紅酒燉牛肉（250元）\n雖然在菜單上屬於開胃菜，但我覺得也可以當主餐吃。牛肉燉煮得軟嫩入味，紅酒香氣十足，酸味適中，搭配隨附的麵包，讓人意猶未盡。\n男主廚沙拉 （248元）\n自製培根及炒菇是此餐點的獨特之處。若想吃較清爽的沙拉，則建議選擇女主廚沙拉。', 'time': 1601858254}, {'author_name': 'Ting-An Shen', 'author_url': 'https://www.google.com/maps/contrib/101087203688478412781/reviews', 'language': 'zh-Hant', 'profile_photo_url': 'https://lh4.googleusercontent.com/-lWZ0gTUj-D0/AAAAAAAAAAI/AAAAAAAAAAA/AMZuuclI_UKljFPv83nbngVhsY8XHpxmtg/s128-c0x00000000-cc-rp-mo/photo.jpg', 'rating': 5, 'relative_time_description': '1 週前', 'text': '雖然等了一下位置但非常好吃\n能感受到老闆用心在做\n義大利麵的味道層次豐富，炒料炒到剛剛好的微焦又不失口感，且香氣十足\n是必定二訪的店，建議先訂位', 'time': 1607434704}, {'author_name': 'Steven Yu', 'author_url': 'https://www.google.com/maps/contrib/112495481884182950966/reviews', 'language': 'zh-Hant', 'profile_photo_url': 'https://lh3.googleusercontent.com/a-/AOh14GjaDgP2Olf6SC2ebijFmLoqecflrms0gewIhNxxstA=s128-c0x00000000-cc-rp-mo-ba3', 'rating': 5, 'relative_time_description': '本週', 'text': '老闆很用心的做每一道料理\n服務也很親切\n會想再帶朋友來用餐\n參考了前面的評論另外單點了濃湯真的很好喝，今天點的白醬雞胸覺得不錯吃 朋友點的紅醬松阪豬也很棒', 'time': 1607957026}, {'author_name': 'Renee Yang', 'author_url': 'https://www.google.com/maps/contrib/105232077222674288117/reviews', 'language': 'zh-Hant', 'profile_photo_url': 'https://lh3.googleusercontent.com/a-/AOh14GgtP0_yWEIvipnqVSzdQgi9bXl2H_CEvBe8ukN3yQ=s128-c0x00000000-cc-rp-mo-ba6', 'rating': 4, 'relative_time_description': '1 個月前', 'text': '1. 一定要事先預約,當下有位子是好運\n2. 份量男生吃不飽, 女生微空虛\n3. 濃湯好好喝, 一定要點一下\n4. 老闆獨當一面,請給予包容和溫柔的等候\n5. 奶茶普通, 不會太甜這點是加分\n6. 汽車去溫拿包子&腳底按摩旁邊的地下室停車場', 'time': 1604325916}]",908527686
12,辣辣韓式炸雞小酒館,4.0,新竹市北區光華北街61之1號,175,https://ifoodie.tw/restaurant/55a64cb7c03a104df53c97f4-%E8%BE%A3%E8%BE%A3%E9%9F%93%E5%BC%8F%E7%82%B8%E9%9B%9E%E5%B0%8F%E9%85%92%E9%A4%A8,ChIJcR8em841aDQRm4pzj34CMAY,"{'lat': 24.8176562, 'lng': 120.97248}",24.8176562,120.97248,"[{'author_name': 'Weather owo', 'author_url': 'https://www.google.com/maps/contrib/114818851494646904451/reviews', 'language': 'zh-Hant', 'profile_photo_url': 'https://lh3.googleusercontent.com/a-/AOh14Ghnme0DDyZajxEwqHK8voj3T0c2WXcgbN_eUdNC=s128-c0x00000000-cc-rp-mo', 'rating': 5, 'relative_time_description': '2 週前', 'text': '今天點的是柚香辣辣炸雞S號、炒辛拉麵！這個組合是我的最愛～香香甜辣的炸雞～每次都讓人允指回味～炒辛拉麵又Q又香❤️今天終於記得拍照評價！平常都行吞虎嚥忘記了～', 'time': 1606644876}, {'author_name': 'zhang Dwens', 'author_url': 'https://www.google.com/maps/contrib/113694754303849647941/reviews', 'language': 'zh-Hant', 'profile_photo_url': 'https://lh3.googleusercontent.com/a-/AOh14GgeQ7mwcybHrrQt1FFWyr_RsEiIft4_2CxWVcIv=s128-c0x00000000-cc-rp-mo-ba4', 'rating': 3, 'relative_time_description': '2 個月前', 'text': '辣辣柚香雞味道不錯。但太溼了。邊吃皮邊掉。\n份量算偏小的  L size大概2-3人就可以吃完。', 'time': 1602429968}, {'author_name': '陳美辰', 'author_url': 'https://www.google.com/maps/contrib/101249365090511043570/reviews', 'language': 'zh-Hant', 'profile_photo_url': 'https://lh3.googleusercontent.com/-J6GlxlaJBII/AAAAAAAAAAI/AAAAAAAAAAA/AMZuucmHJVF6H_DpOLBROL45PAcpMOeSEg/s128-c0x00000000-cc-rp-mo/photo.jpg', 'rating': 5, 'relative_time_description': '5 個月前', 'text': '餐點都非常好吃！\n炸雞非常酥，就算淋了醬汁皮還是超酥脆👍🏻\n紅、黑、柚香三種口味都有點，三個都很好吃🙌🏻\n老闆娘人也超好！人超級健談～\n我們算是最後一組用餐客人，\n才有機會跟她們聊這麼多❤️\n（生意太好，炸雞以全賣完了）\n非常想點辣辣小章魚，老闆娘好心阻止，\n（因為真的很辣）我們最後還是堅持點了😂\n-\n我覺得小章魚好吃，超級香超下飯😂\n只可惜我不太吃辣，頂多兩小口，不過真的很香～\n-\n很大推的店家喔～', 'time': 1593009307}, {'author_name': 'ImJoyceHsieh', 'author_url': 'https://www.google.com/maps/contrib/106853072514630394655/reviews', 'language': 'zh-Hant', 'profile_photo_url': 'https://lh3.googleusercontent.com/a-/AOh14GgrXC9h_y1ccFdFOloNs-oyze4XaRmvFCOaIh8ITsI=s128-c0x00000000-cc-rp-mo', 'rating': 5, 'relative_time_description': '5 個月前', 'text': '脆皮炸得剛剛好，黑醬、蜂蜜口味都超好吃！\n愛吃辣可以挑戰辣炒年糕，很夠味！', 'time': 1594601876}, {'author_name': '楊博裕', 'author_url': 'https://www.google.com/maps/contrib/109331305481516637638/reviews', 'language': 'zh-Hant', 'profile_photo_url': 'https://lh3.googleusercontent.com/a-/AOh14GiBr9m_tDgj01xJTfN6qQGeyjGrLSIGcHAiFhoC8g=s128-c0x00000000-cc-rp-mo-ba4', 'rating': 5, 'relative_time_description': '5 個月前', 'text': '超級好吃的紅醬炸雞、蜂蜜炸雞\n下次還要挑戰上癮炸雞\n沒吃辣的黑拉麵必點\n有吃辣的一定要嘗試看看小章魚\n保證辣\n下次一定要再來吃', 'time': 1592932105}]",966400345
13,ROAST RESTAURANT,4.0,新竹市東區北大路11號,2535,https://ifoodie.tw/restaurant/55960b21c03a10072a153835-ROAST-RESTAURANT,ChIJ4Q6Sms81aDQRhwedNc-8o5c,"{'lat': 24.813279, 'lng': 120.973938}",24.813279,120.973938,"[{'author_name': '丹尼爾', 'author_url': 'https://www.google.com/maps/contrib/113594124905370563582/reviews', 'language': 'zh-Hant', 'profile_photo_url': 'https://lh3.googleusercontent.com/a-/AOh14Ghzj4Yofsj_wDforz9ELRl0dxsXCSdsERRDBoid=s128-c0x00000000-cc-rp-mo-ba3', 'rating': 5, 'relative_time_description': '1 週前', 'text': '服務很好\n生牛肉韃靼非常好吃，敢吃生牛肉的人一定要試試\n乾式熟成肋眼心表面焦香，裡面鮮嫩多汁，3分熟不帶血水，很厲害\n從前菜、湯品、主餐到甜點，表現都很有水準\n沒開車的話還可以搭配推薦餐酒，很棒的用餐體驗', 'time': 1607506194}, {'author_name': 'Josh CCH', 'author_url': 'https://www.google.com/maps/contrib/108931878332707775495/reviews', 'language': 'zh-Hant', 'profile_photo_url': 'https://lh3.googleusercontent.com/a-/AOh14Gg7XSP2Undc13lB5wwxfsDfMh8d89czASre9KWd=s128-c0x00000000-cc-rp-mo-ba5', 'rating': 4, 'relative_time_description': '1 個月前', 'text': '氣氛佳，前菜主菜甜點均有一定水準，均消約3000', 'time': 1604565336}, {'author_name': 'Chiven Chen', 'author_url': 'https://www.google.com/maps/contrib/110438889109364881321/reviews', 'language': 'zh-Hant', 'profile_photo_url': 'https://lh4.googleusercontent.com/-nxP_o7VPa2o/AAAAAAAAAAI/AAAAAAAAAAA/AMZuucm1AZvswoVluw4mYOr2yXgDJfLqiw/s128-c0x00000000-cc-rp-mo-ba2/photo.jpg', 'rating': 2, 'relative_time_description': '1 個月前', 'text': '大概三四年前去吃的, 剛好最近跟朋友聊到新竹牛排就來補評價\n當初去吃牛排時, 在餐具那邊發現蟑螂, 讓我那餐整個吃起來都有點怕\n可能因為這樣, 當下對牛排的品嚐欣賞也不是很好', 'time': 1603350416}, {'author_name': '許惟倫', 'author_url': 'https://www.google.com/maps/contrib/107902010162284421087/reviews', 'language': 'zh-Hant', 'profile_photo_url': 'https://lh3.googleusercontent.com/a-/AOh14GjFDtC_QhFjuqX5211EoWKqP7tVFI-XICcP0P8ySA=s128-c0x00000000-cc-rp-mo-ba3', 'rating': 4, 'relative_time_description': '2 個月前', 'text': '隨湯附贈的芝麻麵包好吃，\n另外建議食量不大的朋友前菜不要點麵包，\n推薦前菜點蟹肉餅，蟹肉餅讓人印象深刻；\n需預訂的威靈頓牛排，雖然好吃但酥皮與蘑菇醬吃多偏膩，口味偏重；\n甜點部分也令人滿意。', 'time': 1602033917}, {'author_name': 'ちんちゃん', 'author_url': 'https://www.google.com/maps/contrib/101195595446773792427/reviews', 'language': 'zh-Hant', 'profile_photo_url': 'https://lh3.googleusercontent.com/a-/AOh14GjastGlk7dMmaOD8ysxzMBl7zQtRYL5CZspnw8MIw=s128-c0x00000000-cc-rp-mo-ba5', 'rating': 5, 'relative_time_description': '1 個月前', 'text': '餐點都超好吃，尤其是濕式熟成的菲力牛肉，非常軟嫩。前菜也非常的幫，現在回味起來還想再去吃看看', 'time': 1604167214}]",35336007
14,貳貳柒 lab227,4.4,新竹市東區大學路226號,150,https://ifoodie.tw/restaurant/59a6fe812756dd6731ddeb1f-%E8%B2%B3%E8%B2%B3%E6%9F%92-lab227,ChIJs2xyHA42aDQR2-pRUtmcgxI,"{'lat': 24.7899211, 'lng': 120.9987856}",24.7899211,120.9987856,"[{'author_name': '浮狂言', 'author_url': 'https://www.google.com/maps/contrib/116000754780495674121/reviews', 'language': 'zh-Hant', 'profile_photo_url': 'https://lh3.googleusercontent.com/a-/AOh14GhH7no5cIgMhxKi7_grEJRztcJkw74rdxGfPbu__Q=s128-c0x00000000-cc-rp-mo-ba2', 'rating': 4, 'relative_time_description': '本週', 'text': '氛圍實在不錯，酒保還會關心你的生活，如果孤單寂寞覺得冷，就來喝一杯，找人聊聊吧！\n（雖然酒保最後大概會被煩死。）', 'time': 1607829689}, {'author_name': 'cc', 'author_url': 'https://www.google.com/maps/contrib/102596369301138490400/reviews', 'language': 'zh-Hant', 'profile_photo_url': 'https://lh3.googleusercontent.com/a-/AOh14Gin6lpZeqzaTeHC1C8Uw0CbsL0tC5oWqhHjEpB8yg=s128-c0x00000000-cc-rp-mo-ba5', 'rating': 5, 'relative_time_description': '1 個月前', 'text': '很適合清交學生聚會的酒吧，便宜的調酒加上可以借switch來玩，能讓聚會又更加有趣', 'time': 1604135996}, {'author_name': 'Shinoki', 'author_url': 'https://www.google.com/maps/contrib/102450300507153485671/reviews', 'language': 'zh-Hant', 'profile_photo_url': 'https://lh4.googleusercontent.com/-VwtFJRWbzHU/AAAAAAAAAAI/AAAAAAAAAAA/AMZuuck9SIrxo28Y8AOiWFini4GbfkNVvA/s128-c0x00000000-cc-rp-mo-ba2/photo.jpg', 'rating': 1, 'relative_time_description': '1 個月前', 'text': '就是個厭惡設施。一票人躺在地上，嘔吐物滿地，噁爆', 'time': 1604161424}, {'author_name': '張家薰', 'author_url': 'https://www.google.com/maps/contrib/111980532963873079686/reviews', 'language': 'zh-Hant', 'profile_photo_url': 'https://lh4.googleusercontent.com/-3Wh4lbZ26jA/AAAAAAAAAAI/AAAAAAAAAPI/AMZuucnxcnTdNIGtsrlN18ezQnLqIMJD9A/s128-c0x00000000-cc-rp-mo-ba5/photo.jpg', 'rating': 4, 'relative_time_description': '1 個月前', 'text': '偏貴，酒不大杯但好處可以點多種酒單\n炸物覺得還可以，但大家一起吃開心', 'time': 1604679666}, {'author_name': '梁馨方', 'author_url': 'https://www.google.com/maps/contrib/105971901832935609444/reviews', 'language': 'zh-Hant', 'profile_photo_url': 'https://lh5.googleusercontent.com/-gJxKtM5YYPQ/AAAAAAAAAAI/AAAAAAAAAAA/AMZuucknVcFHx-fGOVjm7f4-IfsDXBoW7w/s128-c0x00000000-cc-rp-mo/photo.jpg', 'rating': 1, 'relative_time_description': '1 個月前', 'text': '隔壁比較晚到的一直上，等到提醒了才輕飄飄的說漏單了', 'time': 1604070372}]",35750100
15,BistroMaverick獨行客餐酒館,4.3,新竹市東區南門街29之1號,1200,https://ifoodie.tw/restaurant/579a491b2756dd7b43af5a4e-BistroMaverick%E7%8D%A8%E8%A1%8C%E5%AE%A2%E9%A4%90%E9%85%92%E9%A4%A8,ChIJCRK4_-o1aDQRH92gM6bBmxA,"{'lat': 24.800741, 'lng': 120.967425}",24.800741,120.967425,"[{'author_name': 'S.Y. Su', 'author_url': 'https://www.google.com/maps/contrib/116153501034663021607/reviews', 'language': 'zh-Hant', 'profile_photo_url': 'https://lh5.googleusercontent.com/-UJJSVdoXIgo/AAAAAAAAAAI/AAAAAAAAAAA/AMZuucn3TWuvvdMMcPtqRECPIWTaKxf1uA/s128-c0x00000000-cc-rp-mo/photo.jpg', 'rating': 5, 'relative_time_description': '1 個月前', 'text': '吃的出主廚的用心，一定會再造訪!', 'time': 1604390909}, {'author_name': 'Ezreal wh', 'author_url': 'https://www.google.com/maps/contrib/114689748822660992234/reviews', 'language': 'zh-Hant', 'profile_photo_url': 'https://lh3.googleusercontent.com/a-/AOh14GgHOqROsMX57Vvj61odbDWrQ7eu0F1oiwNBNELOzg=s128-c0x00000000-cc-rp-mo-ba2', 'rating': 5, 'relative_time_description': '1 個月前', 'text': '餐點細緻，服務態度優質，很棒的餐廳', 'time': 1605745300}, {'author_name': 'Anson Lin', 'author_url': 'https://www.google.com/maps/contrib/108877404352511972055/reviews', 'language': 'zh-Hant', 'profile_photo_url': 'https://lh3.googleusercontent.com/a-/AOh14GgzQ06IyzzuNfdMc9HGad3EbUIt0zSt1JTDXredhA=s128-c0x00000000-cc-rp-mo-ba2', 'rating': 5, 'relative_time_description': '5 個月前', 'text': '在新竹這美食沙漠中格外令人驚艷的餐酒館。道道驚艷，細膩的處理手法。滿分五顆星實至名歸！！！', 'time': 1595163080}, {'author_name': 'molly huang', 'author_url': 'https://www.google.com/maps/contrib/117195331180468721260/reviews', 'language': 'zh-Hant', 'profile_photo_url': 'https://lh3.googleusercontent.com/a-/AOh14GiwNzqfUCZRlaDHu3QJGnendbhhZrur8PDf7jSbBg=s128-c0x00000000-cc-rp-mo', 'rating': 5, 'relative_time_description': '5 個月前', 'text': '氣氛  食材 擺盤 味蕾都是很棒的享受 !', 'time': 1592904623}, {'author_name': '劉欣怡', 'author_url': 'https://www.google.com/maps/contrib/107598700138371300418/reviews', 'language': 'zh-Hant', 'profile_photo_url': 'https://lh6.googleusercontent.com/-8mlOMF2PPzk/AAAAAAAAAAI/AAAAAAAAAAA/AMZuucnPO5CWIDKe6MmjieberdUx_TErAg/s128-c0x00000000-cc-rp-mo-ba4/photo.jpg', 'rating': 5, 'relative_time_description': '9 個月前', 'text': '只售套餐\n今天吃的套餐約1580左右\n麵包（法國長棍佐橄欖油巴薩米哥醋）\n開味菜（鮭魚韃靼）\n前菜（波士頓龍蝦及嫩煎干貝）\n主餐（我吃和牛腹肉，點完餐後再在餐廳外烤的，口感軟嫩富炭烤香味，另外還有牛小排、豬肉可選）\n烤布蕾（有用香草豆莢，烤皿底部可以看到香草籽）\n熱紅茶（順口好喝）\n希望下次有機會喝看看搭配的餐酒', 'time': 1583933805}]",35230158
